Piston Cap Ball End,Activation Pin Cap,Activation Pin,Sleeve Body,Piston,Screen,Retainer,Retainer Clip,Extended Ball to Ball Distance,Compressed Ball to Ball Distance,Locked Ball to Ball Distance,Pallet Stop Shelf Gap,Retainer Clearance Distance,Extended Wedge Annulus Clearance,Ball End Type
00-049133,00-601661,00-601659,00-049199,00-049198,00-047064,00-049271,00-049278,44.50500000000001,43.515,44.19850000000001,9.319999999999997,3.720499999999997,-0.10189999999999877,Female
00-050361,00-601661,00-048389,00-049199,00-049198,00-047064,00-049271,00-049278,44.50500000000001,40.495000000000005,44.19850000000001,6.299999999999998,0.7004999999999972,-0.10189999999999877,Male
00-050589,00-601661,00-601659,00-049199,00-049198,00-047064,00-049271,00-049278,44.50500000000001,43.265,44.19850000000001,9.069999999999997,3.470499999999997,-0.10189999999999877,Female
00-050649,00-601661,00-601659,00-049199,00-049198,00-047064,00-049271,00-049278,44.50500000000001,43.09,44.19850000000001,8.894999999999998,3.2954999999999997,-0.10189999999999877,Female
00-048395,00-601661,00-601659,00-049199,00-049198,00-047064,00-049271,00-049278,44.50500000000001,40.505,44.19850000000001,6.309999999999998,0.7104999999999988,-0.10189999999999877,Female
00-050649,00-601661,00-601659,00-049721,00-049198,00-047064,00-049271,00-049278,49.800000000000004,43.09,48.18999,3.599999999999998,1.985500000000001,0.7005999999999997,Female
00-050589,00-601661,00-601659,00-049721,00-049198,00-047064,00-049271,00-049278,49.800000000000004,43.265,48.18999,3.7749999999999986,2.160499999999998,0.7005999999999997,Female
00-049133,00-601661,00-601659,00-049721,00-049198,00-047064,00-049271,00-049278,49.800000000000004,43.515,48.18999,4.024999999999999,2.410499999999998,0.7005999999999997,Female
00-050589,00-601661,00-601659,00-050578,00-049198,00-047064,00-049271,00-049278,50.00000000000001,43.265,48.65189000000001,3.5749999999999993,2.360499999999994,0.3625000000000007,Female
00-050589,00-601661,00-601659,00-050610,00-049198,00-047064,00-049271,00-049278,50.00000000000001,43.265,48.651140000000005,3.5749999999999993,1.8604999999999938,1.261800000000001,Female
00-050589,00-601661,00-601659,00-050134,00-049198,00-047064,00-049271,00-049278,50.00000000000001,43.265,48.65214000000001,3.5749999999999993,2.360499999999994,0.3628,Female
00-050649,00-601661,00-601659,00-050134,00-049198,00-047064,00-049271,00-049278,50.00000000000001,43.09,48.65214000000001,3.3999999999999986,2.1854999999999967,0.3628,Female
00-050649,00-601661,00-601659,00-050578,00-049198,00-047064,00-049271,00-049278,50.00000000000001,43.09,48.65189000000001,3.3999999999999986,2.1854999999999967,0.3625000000000007,Female
00-049133,00-601661,00-601659,00-050134,00-049198,00-047064,00-049271,00-049278,50.00000000000001,43.515,48.65214000000001,3.8249999999999993,2.610499999999994,0.3628,Female
00-049133,00-601661,00-601659,00-050578,00-049198,00-047064,00-049271,00-049278,50.00000000000001,43.515,48.65189000000001,3.8249999999999993,2.610499999999994,0.3625000000000007,Female
00-049133,00-601661,00-601659,00-050610,00-049198,00-047064,00-049271,00-049278,50.00000000000001,43.515,48.651140000000005,3.8249999999999993,2.110499999999994,1.261800000000001,Female
00-050649,00-601661,00-601659,00-050610,00-049198,00-047064,00-049271,00-049278,50.00000000000001,43.09,48.651140000000005,3.3999999999999986,1.6854999999999967,1.261800000000001,Female
00-048395,00-601661,00-601659,00-050578,00-049198,00-047064,00-049271,00-049278,50.00000000000001,40.505,48.65189000000001,0.8149999999999977,-0.3995000000000042,0.3625000000000007,Female
00-048395,00-601661,00-601659,00-050134,00-049198,00-047064,00-049271,00-049278,50.00000000000001,40.505,48.65214000000001,0.8149999999999977,-0.3995000000000042,0.3628,Female
00-050589,00-601661,00-601659,00-050651,00-049198,00-047064,00-049271,00-049278,50.50000000000001,43.265,49.68999000000001,3.0749999999999993,1.160499999999998,1.4006000000000007,Female
00-049133,00-601661,00-601659,00-050651,00-049198,00-047064,00-049271,00-049278,50.50000000000001,43.515,49.68999000000001,3.3249999999999993,1.410499999999998,1.4006000000000007,Female
00-050649,00-601661,00-601659,00-050651,00-049198,00-047064,00-049271,00-049278,50.50000000000001,43.09,49.68999000000001,2.8999999999999986,0.9855000000000009,1.4006000000000007,Female
00-048395,00-601661,00-601659,00-049721,00-050018,00-047064,00-049271,00-049278,50.815000000000005,41.02,48.88499,0.8349999999999973,0.1045000000000007,0.3805999999999994,Female
00-050649,00-601661,00-601659,00-049721,00-050018,00-047064,00-049271,00-049278,50.815000000000005,43.605000000000004,48.88499,3.419999999999998,2.6895000000000016,0.3805999999999994,Female
00-050361,00-601661,00-048389,00-049721,00-050018,00-047064,00-049271,00-049278,50.815000000000005,41.010000000000005,48.88499,0.8249999999999993,0.09449999999999914,0.3805999999999994,Male
00-050589,00-601661,00-601659,00-049721,00-050018,00-047064,00-049271,00-049278,50.815000000000005,43.78,48.88499,3.594999999999999,2.8644999999999987,0.3805999999999994,Female
00-049133,00-601661,00-601659,00-049721,00-050018,00-047064,00-049271,00-049278,50.815000000000005,44.03,48.88499,3.844999999999999,3.1144999999999987,0.3805999999999994,Female
00-049133,00-601661,00-601659,00-050017,00-049198,00-047064,00-049271,00-049278,50.885000000000005,43.515,49.29999,2.9399999999999977,2.6554999999999955,-0.17539999999999978,Female
00-048395,00-601661,00-601659,00-050017,00-049198,00-047064,00-049271,00-049278,50.885000000000005,40.505,49.29999,-0.07000000000000028,-0.3545000000000025,-0.17539999999999978,Female
00-050589,00-601661,00-601659,00-050017,00-049198,00-047064,00-049271,00-049278,50.885000000000005,43.265,49.29999,2.6899999999999977,2.4054999999999955,-0.17539999999999978,Female
00-050361,00-601661,00-048389,00-050017,00-049198,00-047064,00-049271,00-049278,50.885000000000005,40.495000000000005,49.29999,-0.08000000000000185,-0.36450000000000404,-0.17539999999999978,Male
00-050649,00-601661,00-601659,00-050017,00-049198,00-047064,00-049271,00-049278,50.885000000000005,43.09,49.29999,2.514999999999999,2.2304999999999984,-0.17539999999999978,Female
00-050649,00-601661,00-601659,00-050578,00-050018,00-047064,00-049271,00-049278,51.01500000000001,43.605000000000004,49.34689000000001,3.219999999999999,2.8894999999999973,0.042500000000000426,Female
00-050649,00-601661,00-601659,00-050134,00-050018,00-047064,00-049271,00-049278,51.01500000000001,43.605000000000004,49.34714,3.219999999999999,2.8894999999999973,0.04279999999999973,Female
00-050649,00-601661,00-601659,00-050610,00-050018,00-047064,00-049271,00-049278,51.01500000000001,43.605000000000004,49.346140000000005,3.219999999999999,2.3894999999999973,0.9418000000000006,Female
00-050361,00-601661,00-048389,00-050578,00-050018,00-047064,00-049271,00-049278,51.01500000000001,41.010000000000005,49.34689000000001,0.625,0.2944999999999949,0.042500000000000426,Male
00-050589,00-601661,00-601659,00-050134,00-050018,00-047064,00-049271,00-049278,51.01500000000001,43.78,49.34714,3.3949999999999996,3.0644999999999945,0.04279999999999973,Female
00-050361,00-601661,00-048389,00-050134,00-050018,00-047064,00-049271,00-049278,51.01500000000001,41.010000000000005,49.34714,0.625,0.2944999999999949,0.04279999999999973,Male
00-050589,00-601661,00-601659,00-050578,00-050018,00-047064,00-049271,00-049278,51.01500000000001,43.78,49.34689000000001,3.3949999999999996,3.0644999999999945,0.042500000000000426,Female
00-050589,00-601661,00-601659,00-050610,00-050018,00-047064,00-049271,00-049278,51.01500000000001,43.78,49.346140000000005,3.3949999999999996,2.5644999999999945,0.9418000000000006,Female
00-049133,00-601661,00-601659,00-050134,00-050018,00-047064,00-049271,00-049278,51.01500000000001,44.03,49.34714,3.6449999999999996,3.3144999999999945,0.04279999999999973,Female
00-049133,00-601661,00-601659,00-050578,00-050018,00-047064,00-049271,00-049278,51.01500000000001,44.03,49.34689000000001,3.6449999999999996,3.3144999999999945,0.042500000000000426,Female
00-049133,00-601661,00-601659,00-050610,00-050018,00-047064,00-049271,00-049278,51.01500000000001,44.03,49.346140000000005,3.6449999999999996,2.8144999999999945,0.9418000000000006,Female
00-050361,00-601661,00-048389,00-050610,00-050018,00-047064,00-049271,00-049278,51.01500000000001,41.010000000000005,49.346140000000005,0.625,-0.20550000000000512,0.9418000000000006,Male
00-048395,00-601661,00-601659,00-050578,00-050018,00-047064,00-049271,00-049278,51.01500000000001,41.02,49.34689000000001,0.634999999999998,0.30449999999999644,0.042500000000000426,Female
00-048395,00-601661,00-601659,00-050134,00-050018,00-047064,00-049271,00-049278,51.01500000000001,41.02,49.34714,0.634999999999998,0.30449999999999644,0.04279999999999973,Female
00-048395,00-601661,00-601659,00-050610,00-050018,00-047064,00-049271,00-049278,51.01500000000001,41.02,49.346140000000005,0.634999999999998,-0.19550000000000356,0.9418000000000006,Female
00-050649,00-601661,00-601659,00-050017A,00-049198,00-047064,00-049271,00-049278,51.205000000000005,43.09,50.49837,2.1949999999999985,0.7854999999999981,0.9640000000000004,Female
00-049133,00-601661,00-601659,00-050017A,00-049198,00-047064,00-049271,00-049278,51.205000000000005,43.515,50.49837,2.6199999999999974,1.2104999999999952,0.9640000000000004,Female
00-050589,00-601661,00-601659,00-050017A,00-049198,00-047064,00-049271,00-049278,51.205000000000005,43.265,50.49837,2.3699999999999974,0.9604999999999952,0.9640000000000004,Female
00-050589,00-601661,00-601659,00-050651,00-050018,00-047064,00-049271,00-049278,51.51500000000001,43.78,50.38499000000001,2.8949999999999996,1.8644999999999987,1.0806000000000004,Female
00-050649,00-601661,00-601659,00-050651,00-050018,00-047064,00-049271,00-049278,51.51500000000001,43.605000000000004,50.38499000000001,2.719999999999999,1.6895000000000016,1.0806000000000004,Female
00-049133,00-601661,00-601659,00-050651,00-050018,00-047064,00-049271,00-049278,51.51500000000001,44.03,50.38499000000001,3.1449999999999996,2.1144999999999987,1.0806000000000004,Female
00-050361,00-601661,00-048389,00-049721,00-050018A,00-047064,00-049271,00-049278,51.92,42.615,49.514990000000004,1.8000000000000007,1.7054999999999998,-0.09440000000000026,Male
00-050589,00-601661,00-601659,00-049721,00-050018A,00-047064,00-049271,00-049278,51.92,45.385,49.514990000000004,4.57,4.475500000000003,-0.09440000000000026,Female
00-049133,00-601661,00-601659,00-049721,00-050018A,00-047064,00-049271,00-049278,51.92,45.635,49.514990000000004,4.82,4.725500000000003,-0.09440000000000026,Female
00-050649,00-601661,00-601659,00-049721,00-050018A,00-047064,00-049271,00-049278,51.92,45.21,49.514990000000004,4.395,4.300499999999999,-0.09440000000000026,Female
00-048395,00-601661,00-601659,00-049721,00-050018A,00-047064,00-049271,00-049278,51.92,42.625,49.514990000000004,1.8099999999999987,1.7154999999999978,-0.09440000000000026,Female
00-050133,00-601661,00-048389,00-049721,00-050018A,00-047064,00-049271,00-049278,51.92,40.825,49.514990000000004,0.009999999999999787,-0.08449999999999935,-0.09440000000000026,Male
00-048395,00-601661,00-601659,00-050610,00-050018A,00-047064,00-049271,00-049278,52.120000000000005,42.625,49.97614000000001,1.6099999999999994,1.4154999999999935,0.466800000000001,Female
00-050589,00-601661,00-601659,00-050610,00-050018A,00-047064,00-049271,00-049278,52.120000000000005,45.385,49.97614000000001,4.370000000000001,4.175499999999999,0.466800000000001,Female
00-050361,00-601661,00-048389,00-050610,00-050018A,00-047064,00-049271,00-049278,52.120000000000005,42.615,49.97614000000001,1.6000000000000014,1.4054999999999955,0.466800000000001,Male
00-049133,00-601661,00-601659,00-050610,00-050018A,00-047064,00-049271,00-049278,52.120000000000005,45.635,49.97614000000001,4.620000000000001,4.425499999999999,0.466800000000001,Female
00-050133,00-601661,00-048389,00-050610,00-050018A,00-047064,00-049271,00-049278,52.120000000000005,40.825,49.97614000000001,-0.1899999999999995,-0.3845000000000036,0.466800000000001,Male
00-050649,00-601661,00-601659,00-050610,00-050018A,00-047064,00-049271,00-049278,52.120000000000005,45.21,49.97614000000001,4.195,4.000499999999994,0.466800000000001,Female
00-050649,00-601661,00-601659,00-050017A,00-050018,00-047064,00-049271,00-049278,52.220000000000006,43.605000000000004,51.19337000000001,2.014999999999999,1.4894999999999987,0.6440000000000001,Female
00-050589,00-601661,00-601659,00-050017A,00-050018,00-047064,00-049271,00-049278,52.220000000000006,43.78,51.19337000000001,2.1899999999999977,1.6644999999999959,0.6440000000000001,Female
00-049133,00-601661,00-601659,00-050017A,00-050018,00-047064,00-049271,00-049278,52.220000000000006,44.03,51.19337000000001,2.4399999999999977,1.9144999999999959,0.6440000000000001,Female
00-050649,00-601661,00-601659,00-050651,00-050018A,00-047064,00-049271,00-049278,52.620000000000005,45.21,51.014990000000004,3.6950000000000003,3.3004999999999987,0.6056000000000008,Female
00-049133,00-601661,00-601659,00-050651,00-050018A,00-047064,00-049271,00-049278,52.620000000000005,45.635,51.014990000000004,4.120000000000001,3.725500000000003,0.6056000000000008,Female
00-050589,00-601661,00-601659,00-050651,00-050018A,00-047064,00-049271,00-049278,52.620000000000005,45.385,51.014990000000004,3.870000000000001,3.475500000000003,0.6056000000000008,Female
00-048395,00-601661,00-601659,00-050651,00-050018A,00-047064,00-049271,00-049278,52.620000000000005,42.625,51.014990000000004,1.1099999999999994,0.7154999999999978,0.6056000000000008,Female
00-050361,00-601661,00-048389,00-050651,00-050018A,00-047064,00-049271,00-049278,52.620000000000005,42.615,51.014990000000004,1.1000000000000014,0.7054999999999998,0.6056000000000008,Male
00-050649,00-601661,00-601659,00-050610,00-050652,00-047064,00-049271,00-049278,53.00000000000001,46.09,50.651140000000005,4.399999999999999,5.080499999999993,0.2618000000000009,Female
00-050612,00-601661,00-048389,00-050610,00-050652,00-047064,00-049271,00-049278,53.00000000000001,41.205000000000005,50.651140000000005,-0.4850000000000012,0.19549999999999468,0.2618000000000009,Male
00-050649,00-601661,00-601659,00-050610,00-049720,00-047064,00-049271,00-049278,53.00000000000001,46.09,50.651140000000005,4.399999999999999,4.325499999999997,0.2618000000000009,Female
00-050653,00-601661,00-048389,00-050610,00-050652,00-047064,00-049271,00-049278,53.00000000000001,40.800000000000004,50.651140000000005,-0.8900000000000006,-0.20950000000000646,0.2618000000000009,Male
00-050589,00-601661,00-601659,00-050610,00-050652,00-047064,00-049271,00-049278,53.00000000000001,46.265,50.651140000000005,4.574999999999999,5.255499999999997,0.2618000000000009,Female
00-050589,00-601661,00-601659,00-050610,00-049720,00-047064,00-049271,00-049278,53.00000000000001,46.265,50.651140000000005,4.574999999999999,4.500499999999994,0.2618000000000009,Female
00-050133,00-601661,00-048389,00-050610,00-050652,00-047064,00-049271,00-049278,53.00000000000001,41.705000000000005,50.651140000000005,0.014999999999998792,0.6954999999999947,0.2618000000000009,Male
00-050579,00-601661,00-048389,00-050610,00-050652,00-047064,00-049271,00-049278,53.00000000000001,40.705000000000005,50.651140000000005,-0.9850000000000012,-0.3045000000000053,0.2618000000000009,Male
00-049133,00-601661,00-601659,00-050610,00-050652,00-047064,00-049271,00-049278,53.00000000000001,46.515,50.651140000000005,4.824999999999999,5.505499999999997,0.2618000000000009,Female
00-050361,00-601661,00-048389,00-050610,00-049720,00-047064,00-049271,00-049278,53.00000000000001,43.495000000000005,50.651140000000005,1.8049999999999997,1.7304999999999984,0.2618000000000009,Male
00-050361,00-601661,00-048389,00-050610,00-050652,00-047064,00-049271,00-049278,53.00000000000001,43.495000000000005,50.651140000000005,1.8049999999999997,2.485499999999994,0.2618000000000009,Male
00-049133,00-601661,00-601659,00-050610,00-049720,00-047064,00-049271,00-049278,53.00000000000001,46.515,50.651140000000005,4.824999999999999,4.750499999999994,0.2618000000000009,Female
00-049426,00-601661,00-048389,00-050610,00-050652,00-047064,00-049271,00-049278,53.00000000000001,41.370000000000005,50.651140000000005,-0.3200000000000003,0.3604999999999938,0.2618000000000009,Male
00-050133,00-601661,00-048389,00-050610,00-049720,00-047064,00-049271,00-049278,53.00000000000001,41.705000000000005,50.651140000000005,0.014999999999998792,-0.05950000000000433,0.2618000000000009,Male
00-048395,00-601661,00-601659,00-050610,00-049720,00-047064,00-049271,00-049278,53.00000000000001,43.505,50.651140000000005,1.8149999999999977,1.7404999999999964,0.2618000000000009,Female
00-048395,00-601661,00-601659,00-050610,00-050652,00-047064,00-049271,00-049278,53.00000000000001,43.505,50.651140000000005,1.8149999999999977,2.495499999999992,0.2618000000000009,Female
00-049426,00-601661,00-048389,00-050610,00-049720,00-047064,00-049271,00-049278,53.00000000000001,41.370000000000005,50.651140000000005,-0.3200000000000003,-0.3945000000000052,0.2618000000000009,Male
00-050649,00-601661,00-601659,00-050017A,00-050018A,00-047064,00-049271,00-049278,53.325,45.21,51.823370000000004,2.99,3.100499999999996,0.16900000000000048,Female
00-048395,00-601661,00-601659,00-050017A,00-050018A,00-047064,00-049271,00-049278,53.325,42.625,51.823370000000004,0.40500000000000114,0.515499999999995,0.16900000000000048,Female
00-050361,00-601661,00-048389,00-050017A,00-050018A,00-047064,00-049271,00-049278,53.325,42.615,51.823370000000004,0.3949999999999996,0.505499999999997,0.16900000000000048,Male
00-050589,00-601661,00-601659,00-050017A,00-050018A,00-047064,00-049271,00-049278,53.325,45.385,51.823370000000004,3.164999999999999,3.2755,0.16900000000000048,Female
00-049133,00-601661,00-601659,00-050017A,00-050018A,00-047064,00-049271,00-049278,53.325,45.635,51.823370000000004,3.414999999999999,3.5255,0.16900000000000048,Female
00-048395,00-601661,00-601659,00-050651,00-050652,00-047064,00-049271,00-049278,53.50000000000001,43.505,51.68999000000001,1.3149999999999977,1.795499999999996,0.40060000000000073,Female
00-050361,00-601661,00-048389,00-050651,00-049720,00-047064,00-049271,00-049278,53.50000000000001,43.495000000000005,51.68999000000001,1.3049999999999997,1.0305000000000026,0.40060000000000073,Male
00-050361,00-601661,00-048389,00-050651,00-050652,00-047064,00-049271,00-049278,53.50000000000001,43.495000000000005,51.68999000000001,1.3049999999999997,1.785499999999998,0.40060000000000073,Male
00-050589,00-601661,00-601659,00-050651,00-049720,00-047064,00-049271,00-049278,53.50000000000001,46.265,51.68999000000001,4.074999999999999,3.8004999999999987,0.40060000000000073,Female
00-050133,00-601661,00-048389,00-050651,00-050652,00-047064,00-049271,00-049278,53.50000000000001,41.705000000000005,51.68999000000001,-0.4850000000000012,-0.004500000000001059,0.40060000000000073,Male
00-050649,00-601661,00-601659,00-050651,00-049720,00-047064,00-049271,00-049278,53.50000000000001,46.09,51.68999000000001,3.8999999999999986,3.6255000000000015,0.40060000000000073,Female
00-050649,00-601661,00-601659,00-050651,00-050652,00-047064,00-049271,00-049278,53.50000000000001,46.09,51.68999000000001,3.8999999999999986,4.380499999999997,0.40060000000000073,Female
00-049426,00-601661,00-048389,00-050651,00-050652,00-047064,00-049271,00-049278,53.50000000000001,41.370000000000005,51.68999000000001,-0.8200000000000003,-0.3395000000000019,0.40060000000000073,Male
00-048395,00-601661,00-601659,00-050651,00-049720,00-047064,00-049271,00-049278,53.50000000000001,43.505,51.68999000000001,1.3149999999999977,1.0405000000000006,0.40060000000000073,Female
00-050589,00-601661,00-601659,00-050651,00-050652,00-047064,00-049271,00-049278,53.50000000000001,46.265,51.68999000000001,4.074999999999999,4.555500000000001,0.40060000000000073,Female
00-049133,00-601661,00-601659,00-050651,00-049720,00-047064,00-049271,00-049278,53.50000000000001,46.515,51.68999000000001,4.324999999999999,4.050499999999999,0.40060000000000073,Female
00-049133,00-601661,00-601659,00-050651,00-050652,00-047064,00-049271,00-049278,53.50000000000001,46.515,51.68999000000001,4.324999999999999,4.805500000000001,0.40060000000000073,Female
00-050589,00-601661,00-601659,00-050610,00-050577,00-047064,00-049271,00-049278,53.89475000000001,46.86,51.19614000000001,4.625,5.6505,-0.0879499999999993,Female
00-049133,00-601661,00-601659,00-050610,00-050577,00-047064,00-049271,00-049278,53.89475000000001,47.11,51.19614000000001,4.875,5.9005,-0.0879499999999993,Female
00-050361,00-601661,00-048389,00-050610,00-050577,00-047064,00-049271,00-049278,53.89475000000001,44.09,51.19614000000001,1.8550000000000004,2.880499999999997,-0.0879499999999993,Male
00-050653,00-601661,00-048389,00-050610,00-050577,00-047064,00-049271,00-049278,53.89475000000001,41.395,51.19614000000001,-0.8399999999999999,0.18549999999999667,-0.0879499999999993,Male
00-049426,00-601661,00-048389,00-050610,00-050577,00-047064,00-049271,00-049278,53.89475000000001,41.965,51.19614000000001,-0.2699999999999996,0.755499999999997,-0.0879499999999993,Male
00-048395,00-601661,00-601659,00-050610,00-050577,00-047064,00-049271,00-049278,53.89475000000001,44.1,51.19614000000001,1.8649999999999984,2.890499999999995,-0.0879499999999993,Female
00-050612,00-601661,00-048389,00-050610,00-050577,00-047064,00-049271,00-049278,53.89475000000001,41.800000000000004,51.19614000000001,-0.4350000000000005,0.5904999999999978,-0.0879499999999993,Male
00-050649,00-601661,00-601659,00-050610,00-050577,00-047064,00-049271,00-049278,53.89475000000001,46.685,51.19614000000001,4.449999999999999,5.475499999999996,-0.0879499999999993,Female
00-050133,00-601661,00-048389,00-050610,00-050577,00-047064,00-049271,00-049278,53.89475000000001,42.300000000000004,51.19614000000001,0.0649999999999995,1.0904999999999978,-0.0879499999999993,Male
00-050579,00-601661,00-048389,00-050610,00-050577,00-047064,00-049271,00-049278,53.89475000000001,41.300000000000004,51.19614000000001,-0.9350000000000005,0.0904999999999978,-0.0879499999999993,Male
00-050653,00-601661,00-048389,00-050610,00-050135,00-047064,00-049271,00-049278,53.895,41.395,51.19614,-0.8399999999999999,0.18949999999999445,-0.0882000000000005,Male
00-050579,00-601661,00-048389,00-050610,00-050135,00-047064,00-049271,00-049278,53.895,41.300000000000004,51.19614,-0.9350000000000005,0.09449999999999559,-0.0882000000000005,Male
00-050589,00-601661,00-601659,00-050610,00-050135,00-047064,00-049271,00-049278,53.895,46.86,51.19614,4.625,5.654499999999998,-0.0882000000000005,Female
00-049133,00-601661,00-601659,00-050610,00-050135,00-047064,00-049271,00-049278,53.895,47.11,51.19614,4.875,5.904499999999998,-0.0882000000000005,Female
00-050612,00-601661,00-048389,00-050610,00-050135,00-047064,00-049271,00-049278,53.895,41.800000000000004,51.19614,-0.4350000000000005,0.5944999999999956,-0.0882000000000005,Male
00-050649,00-601661,00-601659,00-050610,00-050135,00-047064,00-049271,00-049278,53.895,46.685,51.19614,4.449999999999999,5.479499999999994,-0.0882000000000005,Female
00-048395,00-601661,00-601659,00-050610,00-050135,00-047064,00-049271,00-049278,53.895,44.1,51.19614,1.8649999999999984,2.8944999999999927,-0.0882000000000005,Female
00-049426,00-601661,00-048389,00-050610,00-050135,00-047064,00-049271,00-049278,53.895,41.965,51.19614,-0.2699999999999996,0.7594999999999947,-0.0882000000000005,Male
00-050361,00-601661,00-048389,00-050610,00-050135,00-047064,00-049271,00-049278,53.895,44.09,51.19614,1.8550000000000004,2.8844999999999947,-0.0882000000000005,Male
00-050133,00-601661,00-048389,00-050610,00-050135,00-047064,00-049271,00-049278,53.895,42.300000000000004,51.19614,0.0649999999999995,1.0944999999999956,-0.0882000000000005,Male
00-050361,00-601661,00-048389,00-050017A,00-050652,00-047064,00-049271,00-049278,54.205000000000005,43.495000000000005,52.49837,0.5999999999999979,1.5854999999999952,-0.03599999999999959,Male
00-049133,00-601661,00-601659,00-050017A,00-050652,00-047064,00-049271,00-049278,54.205000000000005,46.515,52.49837,3.6199999999999974,4.605499999999998,-0.03599999999999959,Female
00-049133,00-601661,00-601659,00-050017A,00-049720,00-047064,00-049271,00-049278,54.205000000000005,46.515,52.49837,3.6199999999999974,3.850499999999996,-0.03599999999999959,Female
00-050361,00-601661,00-048389,00-050017A,00-049720,00-047064,00-049271,00-049278,54.205000000000005,43.495000000000005,52.49837,0.5999999999999979,0.8304999999999998,-0.03599999999999959,Male
00-050589,00-601661,00-601659,00-050017A,00-049720,00-047064,00-049271,00-049278,54.205000000000005,46.265,52.49837,3.3699999999999974,3.600499999999996,-0.03599999999999959,Female
00-050589,00-601661,00-601659,00-050017A,00-050652,00-047064,00-049271,00-049278,54.205000000000005,46.265,52.49837,3.3699999999999974,4.355499999999998,-0.03599999999999959,Female
00-050133,00-601661,00-048389,00-050017A,00-050652,00-047064,00-049271,00-049278,54.205000000000005,41.705000000000005,52.49837,-1.1900000000000013,-0.2045000000000039,-0.03599999999999959,Male
00-048395,00-601661,00-601659,00-050017A,00-050652,00-047064,00-049271,00-049278,54.205000000000005,43.505,52.49837,0.6099999999999994,1.5954999999999933,-0.03599999999999959,Female
00-050649,00-601661,00-601659,00-050017A,00-050652,00-047064,00-049271,00-049278,54.205000000000005,46.09,52.49837,3.1949999999999985,4.180499999999994,-0.03599999999999959,Female
00-050649,00-601661,00-601659,00-050017A,00-049720,00-047064,00-049271,00-049278,54.205000000000005,46.09,52.49837,3.1949999999999985,3.4254999999999987,-0.03599999999999959,Female
00-048395,00-601661,00-601659,00-050017A,00-049720,00-047064,00-049271,00-049278,54.205000000000005,43.505,52.49837,0.6099999999999994,0.8404999999999978,-0.03599999999999959,Female
00-050612,00-601661,00-048389,00-050651,00-050577,00-047064,00-049271,00-049278,54.39475000000001,41.800000000000004,52.23499000000001,-0.9350000000000005,-0.10949999999999793,0.050850000000000506,Male
00-050649,00-601661,00-601659,00-050651,00-050577,00-047064,00-049271,00-049278,54.39475000000001,46.685,52.23499000000001,3.9499999999999993,4.7755,0.050850000000000506,Female
00-049133,00-601661,00-601659,00-050651,00-050577,00-047064,00-049271,00-049278,54.39475000000001,47.11,52.23499000000001,4.375,5.200500000000004,0.050850000000000506,Female
00-050589,00-601661,00-601659,00-050651,00-050577,00-047064,00-049271,00-049278,54.39475000000001,46.86,52.23499000000001,4.125,4.950500000000004,0.050850000000000506,Female
00-050133,00-601661,00-048389,00-050651,00-050577,00-047064,00-049271,00-049278,54.39475000000001,42.300000000000004,52.23499000000001,-0.4350000000000005,0.39050000000000207,0.050850000000000506,Male
00-050361,00-601661,00-048389,00-050651,00-050577,00-047064,00-049271,00-049278,54.39475000000001,44.09,52.23499000000001,1.3550000000000004,2.180500000000001,0.050850000000000506,Male
00-048395,00-601661,00-601659,00-050651,00-050577,00-047064,00-049271,00-049278,54.39475000000001,44.1,52.23499000000001,1.3649999999999984,2.1904999999999992,0.050850000000000506,Female
00-049426,00-601661,00-048389,00-050651,00-050577,00-047064,00-049271,00-049278,54.39475000000001,41.965,52.23499000000001,-0.7699999999999996,0.055500000000001215,0.050850000000000506,Male
00-049133,00-601661,00-601659,00-050651,00-050135,00-047064,00-049271,00-049278,54.395,47.11,52.23499,4.375,5.204500000000002,0.05059999999999931,Female
00-050589,00-601661,00-601659,00-050651,00-050135,00-047064,00-049271,00-049278,54.395,46.86,52.23499,4.125,4.954500000000002,0.05059999999999931,Female
00-048395,00-601661,00-601659,00-050651,00-050135,00-047064,00-049271,00-049278,54.395,44.1,52.23499,1.3649999999999984,2.194499999999997,0.05059999999999931,Female
00-050649,00-601661,00-601659,00-050651,00-050135,00-047064,00-049271,00-049278,54.395,46.685,52.23499,3.9499999999999993,4.779499999999998,0.05059999999999931,Female
00-049426,00-601661,00-048389,00-050651,00-050135,00-047064,00-049271,00-049278,54.395,41.965,52.23499,-0.7699999999999996,0.059499999999999,0.05059999999999931,Male
00-050612,00-601661,00-048389,00-050651,00-050135,00-047064,00-049271,00-049278,54.395,41.800000000000004,52.23499,-0.9350000000000005,-0.10550000000000015,0.05059999999999931,Male
00-050133,00-601661,00-048389,00-050651,00-050135,00-047064,00-049271,00-049278,54.395,42.300000000000004,52.23499,-0.4350000000000005,0.39449999999999985,0.05059999999999931,Male
00-050361,00-601661,00-048389,00-050651,00-050135,00-047064,00-049271,00-049278,54.395,44.09,52.23499,1.3550000000000004,2.184499999999999,0.05059999999999931,Male
00-049426,00-601661,00-048389,00-050651,00-050611,00-047064,00-049271,00-049278,54.595000000000006,42.465,52.23199,-0.26699999999999946,0.5585000000000013,-0.15239999999999831,Male
00-050612,00-601661,00-048389,00-050651,00-050611,00-047064,00-049271,00-049278,54.595000000000006,42.300000000000004,52.23199,-0.4320000000000004,0.3935000000000022,-0.15239999999999831,Male
00-050649,00-601661,00-601659,00-050651,00-050611,00-047064,00-049271,00-049278,54.595000000000006,47.185,52.23199,4.452999999999999,5.2785,-0.15239999999999831,Female
00-048395,00-601661,00-601659,00-050651,00-050611,00-047064,00-049271,00-049278,54.595000000000006,44.6,52.23199,1.8679999999999986,2.6934999999999993,-0.15239999999999831,Female
00-050589,00-601661,00-601659,00-050651,00-050611,00-047064,00-049271,00-049278,54.595000000000006,47.36,52.23199,4.628,5.4535000000000045,-0.15239999999999831,Female
00-049133,00-601661,00-601659,00-050651,00-050611,00-047064,00-049271,00-049278,54.595000000000006,47.61,52.23199,4.878,5.7035000000000045,-0.15239999999999831,Female
00-050133,00-601661,00-048389,00-050651,00-050611,00-047064,00-049271,00-049278,54.595000000000006,42.800000000000004,52.23199,0.06799999999999962,0.8935000000000022,-0.15239999999999831,Male
00-050653,00-601661,00-048389,00-050651,00-050611,00-047064,00-049271,00-049278,54.595000000000006,41.895,52.23199,-0.8369999999999997,-0.011499999999998956,-0.15239999999999831,Male
00-050579,00-601661,00-048389,00-050651,00-050611,00-047064,00-049271,00-049278,54.595000000000006,41.800000000000004,52.23199,-0.9320000000000004,-0.10649999999999782,-0.15239999999999831,Male
00-050361,00-601661,00-048389,00-050651,00-050611,00-047064,00-049271,00-049278,54.595000000000006,44.59,52.23199,1.8580000000000005,2.6835000000000013,-0.15239999999999831,Male
00-049133,00-601661,00-601659,00-050205,00-050611,00-047064,00-049271,00-049278,56.25,47.61,52.246990000000004,3.222999999999999,-0.09649999999999626,3.0519999999999996,Female
00-050589,00-601661,00-601659,00-050205,00-050611,00-047064,00-049271,00-049278,56.25,47.36,52.246990000000004,2.972999999999999,-0.34649999999999626,3.0519999999999996,Female
00-050589,00-601661,00-601659,00-050014,00-050611,00-047064,00-049271,00-049278,58.43600000000001,47.36,54.33039000000001,0.786999999999999,-0.33649999999999114,2.417200000000001,Female
00-049133,00-601661,00-601659,00-050014,00-050611,00-047064,00-049271,00-049278,58.43600000000001,47.61,54.33039000000001,1.036999999999999,-0.08649999999999114,2.417200000000001,Female
00-050133,00-601661,00-048389,00-050205,00-050648,00-047064,00-049271,00-049278,61.60000000000001,48.150000000000006,55.08299,0.9270000000000032,-0.11449999999999694,0.5379999999999967,Male
00-050133,00-601661,00-048389,00-050205,00-050587,00-047064,00-049271,00-049278,61.60000000000001,48.150000000000006,55.08299,0.9270000000000032,-0.11449999999999694,0.5379999999999967,Male
00-050649,00-601661,00-601659,00-050205,00-050648,00-047064,00-049271,00-049278,61.60000000000001,52.535000000000004,55.08299,5.312000000000003,4.270500000000001,0.5379999999999967,Female
00-050649,00-601661,00-601659,00-050205,00-050587,00-047064,00-049271,00-049278,61.60000000000001,52.535000000000004,55.08299,5.312000000000003,4.270500000000001,0.5379999999999967,Female
00-049133,00-601661,00-601659,00-050205,00-050587,00-047064,00-049271,00-049278,61.60000000000001,52.96,55.08299,5.737000000000002,4.695500000000005,0.5379999999999967,Female
00-049133,00-601661,00-601659,00-050205,00-050648,00-047064,00-049271,00-049278,61.60000000000001,52.96,55.08299,5.737000000000002,4.695500000000005,0.5379999999999967,Female
00-048395,00-601661,00-601659,00-050205,00-050648,00-047064,00-049271,00-049278,61.60000000000001,49.95,55.08299,2.727000000000004,1.6855000000000002,0.5379999999999967,Female
00-048395,00-601661,00-601659,00-050205,00-050587,00-047064,00-049271,00-049278,61.60000000000001,49.95,55.08299,2.727000000000004,1.6855000000000002,0.5379999999999967,Female
00-050361,00-601661,00-048389,00-050205,00-050648,00-047064,00-049271,00-049278,61.60000000000001,49.940000000000005,55.08299,2.7170000000000023,1.6755000000000022,0.5379999999999967,Male
00-050361,00-601661,00-048389,00-050205,00-050587,00-047064,00-049271,00-049278,61.60000000000001,49.940000000000005,55.08299,2.7170000000000023,1.6755000000000022,0.5379999999999967,Male
00-050589,00-601661,00-601659,00-050205,00-050587,00-047064,00-049271,00-049278,61.60000000000001,52.71,55.08299,5.487000000000002,4.445500000000005,0.5379999999999967,Female
00-050589,00-601661,00-601659,00-050205,00-050648,00-047064,00-049271,00-049278,61.60000000000001,52.71,55.08299,5.487000000000002,4.445500000000005,0.5379999999999967,Female
00-050653,00-601661,00-048389,00-050205,00-050015,00-047064,00-049271,00-049278,63.22,48.365,56.26499,-0.03999999999999915,0.7994999999999974,0.09999999999999787,Male
00-050653,00-601661,00-048389,00-050205,00-049720,00-047064,00-049271,00-049278,63.22,48.365,56.234989999999996,-0.00999999999999801,0.7994999999999974,0.06999999999999673,Male
00-049133,00-601661,00-601659,00-050205,00-050015,00-047064,00-049271,00-049278,63.22,54.08,56.26499,5.675000000000001,6.514500000000001,0.09999999999999787,Female
00-049133,00-601661,00-601659,00-050205,00-049720,00-047064,00-049271,00-049278,63.22,54.08,56.234989999999996,5.705000000000002,6.514500000000001,0.06999999999999673,Female
00-050579,00-601661,00-048389,00-050205,00-049720,00-047064,00-049271,00-049278,63.22,48.27,56.234989999999996,-0.10499999999999687,0.7044999999999986,0.06999999999999673,Male
00-050579,00-601661,00-048389,00-050205,00-050015,00-047064,00-049271,00-049278,63.22,48.27,56.26499,-0.134999999999998,0.7044999999999986,0.09999999999999787,Male
00-050361,00-601661,00-048389,00-050205,00-049720,00-047064,00-049271,00-049278,63.22,51.06,56.234989999999996,2.6850000000000023,3.4944999999999977,0.06999999999999673,Male
00-050361,00-601661,00-048389,00-050205,00-050015,00-047064,00-049271,00-049278,63.22,51.06,56.26499,2.655000000000001,3.4944999999999977,0.09999999999999787,Male
00-049426,00-601661,00-048389,00-050205,00-049720,00-047064,00-049271,00-049278,63.22,48.935,56.234989999999996,0.5600000000000023,1.3694999999999977,0.06999999999999673,Male
00-049426,00-601661,00-048389,00-050205,00-050015,00-047064,00-049271,00-049278,63.22,48.935,56.26499,0.5300000000000011,1.3694999999999977,0.09999999999999787,Male
00-050589,00-601661,00-601659,00-050205,00-050015,00-047064,00-049271,00-049278,63.22,53.83,56.26499,5.425000000000001,6.264500000000001,0.09999999999999787,Female
00-050589,00-601661,00-601659,00-050205,00-049720,00-047064,00-049271,00-049278,63.22,53.83,56.234989999999996,5.455000000000002,6.264500000000001,0.06999999999999673,Female
00-048395,00-601661,00-601659,00-050205,00-050015,00-047064,00-049271,00-049278,63.22,51.07,56.26499,2.6650000000000027,3.5044999999999957,0.09999999999999787,Female
00-048395,00-601661,00-601659,00-050205,00-049720,00-047064,00-049271,00-049278,63.22,51.07,56.234989999999996,2.695000000000004,3.5044999999999957,0.06999999999999673,Female
00-050612,00-601661,00-048389,00-050205,00-050015,00-047064,00-049271,00-049278,63.22,48.77,56.26499,0.365000000000002,1.2044999999999986,0.09999999999999787,Male
00-050612,00-601661,00-048389,00-050205,00-049720,00-047064,00-049271,00-049278,63.22,48.77,56.234989999999996,0.3950000000000031,1.2044999999999986,0.06999999999999673,Male
00-050649,00-601661,00-601659,00-050205,00-050015,00-047064,00-049271,00-049278,63.22,53.655,56.26499,5.250000000000002,6.089499999999997,0.09999999999999787,Female
00-050649,00-601661,00-601659,00-050205,00-049720,00-047064,00-049271,00-049278,63.22,53.655,56.234989999999996,5.280000000000003,6.089499999999997,0.06999999999999673,Female
00-050133,00-601661,00-048389,00-050205,00-050015,00-047064,00-049271,00-049278,63.22,49.27,56.26499,0.865000000000002,1.7044999999999986,0.09999999999999787,Male
00-050133,00-601661,00-048389,00-050205,00-049720,00-047064,00-049271,00-049278,63.22,49.27,56.234989999999996,0.8950000000000031,1.7044999999999986,0.06999999999999673,Male
00-050361,00-601661,00-048389,00-050014,00-050587,00-047064,00-049271,00-049278,63.786,49.940000000000005,57.16639,0.5310000000000024,1.6855000000000073,-0.09680000000000177,Male
00-050361,00-601661,00-048389,00-050014,00-050648,00-047064,00-049271,00-049278,63.786,49.940000000000005,57.16639,0.5310000000000024,1.6855000000000073,-0.09680000000000177,Male
00-049133,00-601661,00-601659,00-050014,00-050648,00-047064,00-049271,00-049278,63.786,52.96,57.16639,3.551000000000002,4.7055000000000105,-0.09680000000000177,Female
00-049133,00-601661,00-601659,00-050014,00-050587,00-047064,00-049271,00-049278,63.786,52.96,57.16639,3.551000000000002,4.7055000000000105,-0.09680000000000177,Female
00-050133,00-601661,00-048389,00-050014,00-050648,00-047064,00-049271,00-049278,63.786,48.150000000000006,57.16639,-1.2589999999999968,-0.10449999999999182,-0.09680000000000177,Male
00-050133,00-601661,00-048389,00-050014,00-050587,00-047064,00-049271,00-049278,63.786,48.150000000000006,57.16639,-1.2589999999999968,-0.10449999999999182,-0.09680000000000177,Male
00-050589,00-601661,00-601659,00-050014,00-050648,00-047064,00-049271,00-049278,63.786,52.71,57.16639,3.301000000000002,4.4555000000000105,-0.09680000000000177,Female
00-050589,00-601661,00-601659,00-050014,00-050587,00-047064,00-049271,00-049278,63.786,52.71,57.16639,3.301000000000002,4.4555000000000105,-0.09680000000000177,Female
00-048395,00-601661,00-601659,00-050014,00-050587,00-047064,00-049271,00-049278,63.786,49.95,57.16639,0.5410000000000039,1.6955000000000053,-0.09680000000000177,Female
00-048395,00-601661,00-601659,00-050014,00-050648,00-047064,00-049271,00-049278,63.786,49.95,57.16639,0.5410000000000039,1.6955000000000053,-0.09680000000000177,Female
00-050649,00-601661,00-601659,00-050014,00-050648,00-047064,00-049271,00-049278,63.786,52.535000000000004,57.16639,3.126000000000003,4.280500000000006,-0.09680000000000177,Female
00-050649,00-601661,00-601659,00-050014,00-050587,00-047064,00-049271,00-049278,63.786,52.535000000000004,57.16639,3.126000000000003,4.280500000000006,-0.09680000000000177,Female
00-049133,00-601661,00-601659,00-050647,00-050587,00-047064,00-049271,00-049278,64.45,52.96,54.88849,2.8870000000000005,2.6955000000000053,0.1390999999999991,Female
00-049133,00-601661,00-601659,00-050647,00-050648,00-047064,00-049271,00-049278,64.45,52.96,54.88849,2.8870000000000005,2.6955000000000053,0.1390999999999991,Female
00-050361,00-601661,00-048389,00-050647,00-050648,00-047064,00-049271,00-049278,64.45,49.940000000000005,54.88849,-0.13299999999999912,-0.3244999999999978,0.1390999999999991,Male
00-050361,00-601661,00-048389,00-050647,00-050587,00-047064,00-049271,00-049278,64.45,49.940000000000005,54.88849,-0.13299999999999912,-0.3244999999999978,0.1390999999999991,Male
00-050589,00-601661,00-601659,00-050647,00-050648,00-047064,00-049271,00-049278,64.45,52.71,54.88849,2.6370000000000005,2.4455000000000053,0.1390999999999991,Female
00-050589,00-601661,00-601659,00-050647,00-050587,00-047064,00-049271,00-049278,64.45,52.71,54.88849,2.6370000000000005,2.4455000000000053,0.1390999999999991,Female
00-050649,00-601661,00-601659,00-050647,00-050587,00-047064,00-049271,00-049278,64.45,52.535000000000004,54.88849,2.4620000000000015,2.270500000000001,0.1390999999999991,Female
00-050649,00-601661,00-601659,00-050647,00-050648,00-047064,00-049271,00-049278,64.45,52.535000000000004,54.88849,2.4620000000000015,2.270500000000001,0.1390999999999991,Female
00-048395,00-601661,00-601659,00-050647,00-050587,00-047064,00-049271,00-049278,64.45,49.95,54.88849,-0.12299999999999756,-0.3144999999999998,0.1390999999999991,Female
00-048395,00-601661,00-601659,00-050647,00-050648,00-047064,00-049271,00-049278,64.45,49.95,54.88849,-0.12299999999999756,-0.3144999999999998,0.1390999999999991,Female
